[
  {"Name": "Cairo", "Continent": "Africa", "Country": "Egypt", "CoordinateX": 31.2357, "CoordinateY": 30.0444, "Population": 9500000, "CoastalCity": false, "Difficulty": "Easy"},
  {"Name": "Lagos", "Continent": "Africa", "Country": "Nigeria", "CoordinateX": 3.3792, "CoordinateY": 6.5244, "Population": 21410000, "CoastalCity": true, "Difficulty": "Medium"},
  {"Name": "Abidjan", "Continent": "Africa", "Country": "Ivory Coast", "CoordinateX": -4.0083, "CoordinateY": 5.3453, "Population": 5390000, "CoastalCity": true, "Difficulty": "Hard"},
  {"Name": "Cape Town", "Continent": "Africa", "Country": "South Africa", "CoordinateX": 18.4241, "CoordinateY": -33.9249, "Population": 433688, "CoastalCity": true, "Difficulty": "Easy"},
  {"Name": "Nairobi", "Continent": "Africa", "Country": "Kenya", "CoordinateX": 36.8172, "CoordinateY": -1.2864, "Population": 4397000, "CoastalCity": false, "Difficulty": "Medium"},
  {"Name": "Buenos Aires", "Continent": "America", "Country": "Argentina", "CoordinateX": -58.3816, "CoordinateY": -34.6037, "Population": 2890151, "CoastalCity": true, "Difficulty": "Easy"},
  {"Name": "Sao Paulo", "Continent": "America", "Country": "Brazil", "CoordinateX": -46.6333, "CoordinateY": -23.5505, "Population": 12330000, "CoastalCity": false, "Difficulty": "Medium"},
  {"Name": "Rio de Janeiro", "Continent": "America", "Country": "Brazil", "CoordinateX": -43.1729, "CoordinateY": -22.9068, "Population": 6748000, "CoastalCity": true, "Difficulty": "Easy"},
  {"Name": "Toronto", "Continent": "America", "Country": "Canada", "CoordinateX": -79.3832, "CoordinateY": 43.6532, "Population": 2731571, "CoastalCity": false, "Difficulty": "Easy"},
  {"Name": "Montreal", "Continent": "America", "Country": "Canada", "CoordinateX": -73.5673, "CoordinateY": 45.5017, "Population": 1704694, "CoastalCity": false, "Difficulty": "Medium"},
  {"Name": "Lima", "Continent": "America", "Country": "Peru", "CoordinateX": -77.0428, "CoordinateY": -12.0464, "Population": 9820000, "CoastalCity": true, "Difficulty": "Medium"},
  {"Name": "New York", "Continent": "America", "Country": "United States", "CoordinateX": -74.0060, "CoordinateY": 40.7128, "Population": 8419600, "CoastalCity": true, "Difficulty": "Easy"},
  {"Name": "Los Angeles", "Continent": "America", "Country": "United States", "CoordinateX": -118.2437, "CoordinateY": 34.0522, "Population": 3979576, "CoastalCity": true, "Difficulty": "Easy"},
  {"Name": "Chicago", "Continent": "America", "Country": "United States", "CoordinateX": -87.6298, "CoordinateY": 41.8781, "Population": 2714856, "CoastalCity": false, "Difficulty": "Easy"},
  {"Name": "Houston", "Continent": "America", "Country": "United States", "CoordinateX": -95.3698, "CoordinateY": 29.7604, "Population": 2320268, "CoastalCity": true, "Difficulty": "Medium"},
  {"Name": "Miami", "Continent": "America", "Country": "United States", "CoordinateX": -80.1918, "CoordinateY": 25.7617, "Population": 467963, "CoastalCity": true, "Difficulty": "Easy"},
  {"Name": "Boston", "Continent": "America", "Country": "United States", "CoordinateX": -71.0589, "CoordinateY": 42.3601, "Population": 692600, "CoastalCity": true, "Difficulty": "Medium"},
  
  {"Name": "Beijing", "Continent": "Asia", "Country": "China", "CoordinateX": 116.4074, "CoordinateY": 39.9042, "Population": 21540000, "CoastalCity": false, "Difficulty": "Easy"},
  {"Name": "Hong Kong", "Continent": "Asia", "Country": "China", "CoordinateX": 114.1694, "CoordinateY": 22.3193, "Population": 7496981, "CoastalCity": true, "Difficulty": "Easy"},
  {"Name": "Mumbai", "Continent": "Asia", "Country": "India", "CoordinateX": 72.8777, "CoordinateY": 19.0760, "Population": 20411000, "CoastalCity": true, "Difficulty": "Easy"},
  {"Name": "Tokyo", "Continent": "Asia", "Country": "Japan", "CoordinateX": 139.6503, "CoordinateY": 35.6762, "Population": 13929286, "CoastalCity": true, "Difficulty": "Easy"},
  {"Name": "Seoul", "Continent": "Asia", "Country": "South Korea", "CoordinateX": 126.9780, "CoordinateY": 37.5665, "Population": 9776000, "CoastalCity": false, "Difficulty": "Easy"},
  {"Name": "Bangkok", "Continent": "Asia", "Country": "Thailand", "CoordinateX": 100.5018, "CoordinateY": 13.7563, "Population": 10539000, "CoastalCity": false, "Difficulty": "Easy"},
  {"Name": "Jakarta", "Continent": "Asia", "Country": "Indonesia", "CoordinateX": 106.8456, "CoordinateY": -6.2088, "Population": 10500000, "CoastalCity": true, "Difficulty": "Medium"},
  {"Name": "Delhi", "Continent": "Asia", "Country": "India", "CoordinateX": 77.1025, "CoordinateY": 28.7041, "Population": 19000000, "CoastalCity": false, "Difficulty": "Easy"},
  {"Name": "Shanghai", "Continent": "Asia", "Country": "China", "CoordinateX": 121.4737, "CoordinateY": 31.2304, "Population": 26320000, "CoastalCity": true, "Difficulty": "Easy"},
  {"Name": "Singapore", "Continent": "Asia", "Country": "Singapore", "CoordinateX": 103.8198, "CoordinateY": 1.3521, "Population": 5704000, "CoastalCity": true, "Difficulty": "Easy"},
  {"Name": "Dubai", "Continent": "Asia", "Country": "UAE", "CoordinateX": 55.2708, "CoordinateY": 25.2048, "Population": 3331000, "CoastalCity": true, "Difficulty": "Easy"},
  {"Name": "Istanbul", "Continent": "Asia", "Country": "Turkey", "CoordinateX": 28.9784, "CoordinateY": 41.0082, "Population": 15520000, "CoastalCity": true, "Difficulty": "Medium"},
  
  {"Name": "Madrid", "Continent": "Europe", "Country": "Spain", "CoordinateX": -3.7038, "CoordinateY": 40.4168, "Population": 3323000, "CoastalCity": false, "Difficulty": "Easy"},
  {"Name": "Barcelona", "Continent": "Europe", "Country": "Spain", "CoordinateX": 2.1925, "CoordinateY": 41.3784, "Population": 1636762, "CoastalCity": true, "Difficulty": "Easy"},
  {"Name": "Athens", "Continent": "Europe", "Country": "Greece", "CoordinateX": 23.7275, "CoordinateY": 37.9838, "Population": 664046, "CoastalCity": true, "Difficulty": "Medium"},
  {"Name": "Berlin", "Continent": "Europe", "Country": "Germany", "CoordinateX": 13.4050, "CoordinateY": 52.5200, "Population": 3645000, "CoastalCity": false, "Difficulty": "Easy"},
  {"Name": "Rome", "Continent": "Europe", "Country": "Italy", "CoordinateX": 12.4964, "CoordinateY": 41.9028, "Population": 2873000, "CoastalCity": false, "Difficulty": "Easy"},
  {"Name": "Amsterdam", "Continent": "Europe", "Country": "Netherlands", "CoordinateX": 4.9041, "CoordinateY": 52.3676, "Population": 872680, "CoastalCity": true, "Difficulty": "Easy"},
  {"Name": "Copenhagen", "Continent": "Europe", "Country": "Denmark", "CoordinateX": 12.5683, "CoordinateY": 55.6761, "Population": 794128, "CoastalCity": true, "Difficulty": "Easy"},
  {"Name": "Paris", "Continent": "Europe", "Country": "France", "CoordinateX": 2.3522, "CoordinateY": 48.8566, "Population": 2148327, "CoastalCity": false, "Difficulty": "Easy"},
  {"Name": "Moscow", "Continent": "Europe", "Country": "Russia", "CoordinateX": 37.6176, "CoordinateY": 55.7558, "Population": 11920000, "CoastalCity": false, "Difficulty": "Easy"},
  {"Name": "Stockholm", "Continent": "Europe", "Country": "Sweden", "CoordinateX": 18.0686, "CoordinateY": 59.3293, "Population": 975904, "CoastalCity": true, "Difficulty": "Medium"},
  {"Name": "London", "Continent": "Europe", "Country": "United Kingdom", "CoordinateX": -0.1276, "CoordinateY": 51.5074, "Population": 8982000, "CoastalCity": true, "Difficulty": "Easy"},
  {"Name": "Zurich", "Continent": "Europe", "Country": "Switzerland", "CoordinateX": 8.5417, "CoordinateY": 47.3769, "Population": 434008, "CoastalCity": false, "Difficulty": "Easy"},
  {"Name": "Vienna", "Continent": "Europe", "Country": "Austria", "CoordinateX": 16.3738, "CoordinateY": 48.2082, "Population": 1900000, "CoastalCity": false, "Difficulty": "Easy"},
  {"Name": "Lisbon", "Continent": "Europe", "Country": "Portugal", "CoordinateX": -9.1393, "CoordinateY": 38.7223, "Population": 504718, "CoastalCity": true, "Difficulty": "Easy"},
  {"Name": "Prague", "Continent": "Europe", "Country": "Czech Republic", "CoordinateX": 14.4378, "CoordinateY": 50.0755, "Population": 1300000, "CoastalCity": false, "Difficulty": "Easy"},
  {"Name": "Oslo", "Continent": "Europe", "Country": "Norway", "CoordinateX": 10.7522, "CoordinateY": 59.9139, "Population": 697010, "CoastalCity": true, "Difficulty": "Easy"},
  {"Name": "Brussels", "Continent": "Europe", "Country": "Belgium", "CoordinateX": 4.3517, "CoordinateY": 50.8503, "Population": 1211035, "CoastalCity": false, "Difficulty": "Easy"},
  {"Name": "Dublin", "Continent": "Europe", "Country": "Ireland", "CoordinateX": -6.2603, "CoordinateY": 53.3498, "Population": 554554, "CoastalCity": true, "Difficulty": "Easy"},
  {"Name": "Warsaw", "Continent": "Europe", "Country": "Poland", "CoordinateX": 21.0122, "CoordinateY": 52.2297, "Population": 1794000, "CoastalCity": false, "Difficulty": "Medium"},
  {"Name": "Budapest", "Continent": "Europe", "Country": "Hungary", "CoordinateX": 19.0402, "CoordinateY": 47.4979, "Population": 1752000, "CoastalCity": false, "Difficulty": "Medium"},
  
  {"Name": "Sydney", "Continent": "Oceania", "Country": "Australia", "CoordinateX": 151.2093, "CoordinateY": -33.8688, "Population": 5312163, "CoastalCity": true, "Difficulty": "Easy"},
  {"Name": "Melbourne", "Continent": "Oceania", "Country": "Australia", "CoordinateX": 144.9631, "CoordinateY": -37.8136, "Population": 5078193, "CoastalCity": true, "Difficulty": "Medium"},
  {"Name": "Auckland", "Continent": "Oceania", "Country": "New Zealand", "CoordinateX": 174.7633, "CoordinateY": -36.8485, "Population": 1625000, "CoastalCity": true, "Difficulty": "Medium"},
  {"Name": "Brisbane", "Continent": "Oceania", "Country": "Australia", "CoordinateX": 153.0251, "CoordinateY": -27.4698, "Population": 2360000, "CoastalCity": true, "Difficulty": "Medium"},
  {"Name": "Perth", "Continent": "Oceania", "Country": "Australia", "CoordinateX": 115.8575, "CoordinateY": -31.9505, "Population": 2063000, "CoastalCity": true, "Difficulty": "Medium"},
  {"Name": "Wellington", "Continent": "Oceania", "Country": "New Zealand", "CoordinateX": 174.7762, "CoordinateY": -41.2865, "Population": 215100, "CoastalCity": true, "Difficulty": "Medium"},
  {"Name": "Honolulu", "Continent": "Oceania", "Country": "United States", "CoordinateX": -157.8583, "CoordinateY": 21.3069, "Population": 345064, "CoastalCity": true, "Difficulty": "Medium"},
  

  {"Name": "Bamako", "Continent": "Africa", "Country": "Mali", "CoordinateX": -7.9927, "CoordinateY": 12.6392, "Population": 2000000, "CoastalCity": false, "Difficulty": "Doom"},
  {"Name": "Gaborone", "Continent": "Africa", "Country": "Botswana", "CoordinateX": 25.9201, "CoordinateY": -24.6282, "Population": 231626, "CoastalCity": false, "Difficulty": "Doom"},
  {"Name": "Bhubaneswar", "Continent": "Asia", "Country": "India", "CoordinateX": 85.8245, "CoordinateY": 20.2961, "Population": 885363, "CoastalCity": false, "Difficulty": "Doom"},
  {"Name": "Dili", "Continent": "Asia", "Country": "Timor-Leste", "CoordinateX": 125.5700, "CoordinateY": -8.5586, "Population": 277279, "CoastalCity": true, "Difficulty": "Doom"},
  {"Name": "Vaduz", "Continent": "Europe", "Country": "Liechtenstein", "CoordinateX": 9.5167, "CoordinateY": 47.1416, "Population": 5543, "CoastalCity": false, "Difficulty": "Doom"},
  {"Name": "Suva", "Continent": "Oceania", "Country": "Fiji", "CoordinateX": 178.4501, "CoordinateY": -18.1248, "Population": 93000, "CoastalCity": true, "Difficulty": "Doom"},
  {"Name": "Funafuti", "Continent": "Oceania", "Country": "Tuvalu", "CoordinateX": 179.1944, "CoordinateY": -8.5167, "Population": 6025, "CoastalCity": true, "Difficulty": "Doom"},
  
 
  {"Name": "Bogotá", "Continent": "America", "Country": "Colombia", "CoordinateX": -74.0721, "CoordinateY": 4.7110, "Population": 7743955, "CoastalCity": false, "Difficulty": "Medium"},
  {"Name": "Caracas", "Continent": "America", "Country": "Venezuela", "CoordinateX": -66.9036, "CoordinateY": 10.4806, "Population": 1943901, "CoastalCity": false, "Difficulty": "Hard"},
  {"Name": "Mexico City", "Continent": "America", "Country": "Mexico", "CoordinateX": -99.1332, "CoordinateY": 19.4326, "Population": 9200000, "CoastalCity": false, "Difficulty": "Easy"},
  {"Name": "Addis Ababa", "Continent": "Africa", "Country": "Ethiopia", "CoordinateX": 38.7468, "CoordinateY": 9.0084, "Population": 3689000, "CoastalCity": false, "Difficulty": "Hard"},
 
 
  {"Name": "Washington D.C.", "Continent": "America", "Country": "United States", "CoordinateX": -77.0369, "CoordinateY": 38.9072, "Population": 712816, "CoastalCity": false, "Difficulty": "Easy"}, 
  {"Name": "San Francisco", "Continent": "America", "Country": "United States", "CoordinateX": -122.4194, "CoordinateY": 37.7749, "Population": 815201, "CoastalCity": true, "Difficulty": "Easy"},
  {"Name": "Vancouver", "Continent": "America", "Country": "Canada", "CoordinateX": -123.1207, "CoordinateY": 49.2827, "Population": 675218, "CoastalCity": true, "Difficulty": "Easy"},
  {"Name": "La Paz", "Continent": "America", "Country": "Bolivia", "CoordinateX": -68.1193, "CoordinateY": -16.5000, "Population": 816044, "CoastalCity": false, "Difficulty": "Hard"}, 
  {"Name": "Asunción", "Continent": "America", "Country": "Paraguay", "CoordinateX": -57.6359, "CoordinateY": -25.2637, "Population": 525252, "CoastalCity": false, "Difficulty": "Medium"},  
  {"Name": "Halifax", "Continent": "America", "Country": "Canada", "CoordinateX": -63.5752, "CoordinateY": 44.6488, "Population": 431479, "CoastalCity": true, "Difficulty": "Medium"},


  {"Name": "Kuala Lumpur", "Continent": "Asia", "Country": "Malaysia", "CoordinateX": 101.6869, "CoordinateY": 3.1390, "Population": 1800000, "CoastalCity": false, "Difficulty": "Medium"},  


  {"Name": "Kinshasa", "Continent": "Africa", "Country": "DR Congo", "CoordinateX": 15.2663, "CoordinateY": -4.4419, "Population": 17071000, "CoastalCity": false, "Difficulty": "Hard"},  
  {"Name": "Dar es Salaam", "Continent": "Africa", "Country": "Tanzania", "CoordinateX": 39.2083, "CoordinateY": -6.7924, "Population": 7039000, "CoastalCity": true, "Difficulty": "Hard"},


  {"Name": "Santiago", "Continent": "America", "Country": "Chile", "CoordinateX": -70.6693, "CoordinateY": -33.4489, "Population": 6745000, "CoastalCity": false, "Difficulty": "Medium"},
  {"Name": "Panama City", "Continent": "America", "Country": "Panama", "CoordinateX": -79.5167, "CoordinateY": 8.9833, "Population": 880691, "CoastalCity": true, "Difficulty": "Medium"},
  {"Name": "Guatemala City", "Continent": "America", "Country": "Guatemala", "CoordinateX": -90.5069, "CoordinateY": 14.6349, "Population": 3016000, "CoastalCity": false, "Difficulty": "Hard"},


  {"Name": "Christchurch", "Continent": "Oceania", "Country": "New Zealand", "CoordinateX": 172.6306, "CoordinateY": -43.5321, "Population": 377200, "CoastalCity": true, "Difficulty": "Medium"},
  {"Name": "Johannesburg", "Continent": "Africa", "Country": "South Africa", "CoordinateX": 28.0473, "CoordinateY": -26.2041, "Population": 5636000, "CoastalCity": false, "Difficulty": "Medium"},
  {"Name": "Casablanca", "Continent": "Africa", "Country": "Morocco", "CoordinateX": -7.5898, "CoordinateY": 33.5731, "Population": 3356000, "CoastalCity": true, "Difficulty": "Medium"},
  {"Name": "Khartoum", "Continent": "Africa", "Country": "Sudan", "CoordinateX": 32.5599, "CoordinateY": 15.5007, "Population": 5274000, "CoastalCity": false, "Difficulty": "Hard"},
  {"Name": "Algiers", "Continent": "Africa", "Country": "Algeria", "CoordinateX": 3.0588, "CoordinateY": 36.7538, "Population": 3416000, "CoastalCity": true, "Difficulty": "Medium"},
  {"Name": "Medellín", "Continent": "America", "Country": "Colombia", "CoordinateX": -75.5812, "CoordinateY": 6.2447, "Population": 2543000, "CoastalCity": false, "Difficulty": "Hard"},
  {"Name": "San Salvador", "Continent": "America", "Country": "El Salvador", "CoordinateX": -89.1872, "CoordinateY": 13.6929, "Population": 1367000, "CoastalCity": false, "Difficulty": "Hard"},
  {"Name": "Manaus", "Continent": "America", "Country": "Brazil", "CoordinateX": -60.0217, "CoordinateY": -3.1190, "Population": 2227000, "CoastalCity": false, "Difficulty": "Hard"},
  {"Name": "Karachi", "Continent": "Asia", "Country": "Pakistan", "CoordinateX": 67.0011, "CoordinateY": 24.8607, "Population": 15734000, "CoastalCity": true, "Difficulty": "Medium"},
  {"Name": "Dhaka", "Continent": "Asia", "Country": "Bangladesh", "CoordinateX": 90.4125, "CoordinateY": 23.8103, "Population": 21000000, "CoastalCity": false, "Difficulty": "Medium"},
  {"Name": "Riyadh", "Continent": "Asia", "Country": "Saudi Arabia", "CoordinateX": 46.6753, "CoordinateY": 24.7136, "Population": 7778000, "CoastalCity": false, "Difficulty": "Medium"},
  {"Name": "Edinburgh", "Continent": "Europe", "Country": "United Kingdom", "CoordinateX": -3.1883, "CoordinateY": 55.9533, "Population": 548000, "CoastalCity": false, "Difficulty": "Medium"},
  {"Name": "Minsk", "Continent": "Europe", "Country": "Belarus", "CoordinateX": 27.5615, "CoordinateY": 53.9045, "Population": 2009786, "CoastalCity": false, "Difficulty": "Hard"},
  {"Name": "Port Moresby", "Continent": "Oceania", "Country": "Papua New Guinea", "CoordinateX": 147.1803, "CoordinateY": -9.4438, "Population": 410000, "CoastalCity": true, "Difficulty": "Doom"},
  {"Name": "Saint-Denis", "Continent": "Africa", "Country": "Réunion", "CoordinateX": 55.4551, "CoordinateY": -20.8907, "Population": 150000, "CoastalCity": true, "Difficulty": "Doom"},
  {"Name": "Podgorica", "Continent": "Europe", "Country": "Montenegro", "CoordinateX": 19.2594, "CoordinateY": 42.4304, "Population": 185937, "CoastalCity": false, "Difficulty": "Doom"},
  {"Name": "Majuro", "Continent": "Oceania", "Country": "Marshall Islands", "CoordinateX": 171.3802, "CoordinateY": 7.0897, "Population": 27797, "CoastalCity": true, "Difficulty": "Doom"},
  {"Name": "Marrakech", "Continent": "Africa", "Country": "Morocco", "CoordinateX": -8.0083, "CoordinateY": 31.6295, "Population": 928850, "CoastalCity": false, "Difficulty": "Medium"},
  {"Name": "Tunis", "Continent": "Africa", "Country": "Tunisia", "CoordinateX": 10.1815, "CoordinateY": 36.8065, "Population": 638845, "CoastalCity": true, "Difficulty": "Medium"},
  {"Name": "Accra", "Continent": "Africa", "Country": "Ghana", "CoordinateX": -0.1870, "CoordinateY": 5.6037, "Population": 2291352, "CoastalCity": true, "Difficulty": "Medium"},
  
  {"Name": "Belgrade", "Continent": "Europe", "Country": "Serbia", "CoordinateX": 20.4651, "CoordinateY": 44.8125, "Population": 1378682, "CoastalCity": false, "Difficulty": "Medium"},
  {"Name": "Kiev", "Continent": "Europe", "Country": "Ukraine", "CoordinateX": 30.5234, "CoordinateY": 50.4501, "Population": 2884000, "CoastalCity": false, "Difficulty": "Medium"},
  {"Name": "Helsinki", "Continent": "Europe", "Country": "Finland", "CoordinateX": 24.9384, "CoordinateY": 60.1699, "Population": 631695, "CoastalCity": true, "Difficulty": "Easy"},
  
  {"Name": "Manila", "Continent": "Asia", "Country": "Philippines", "CoordinateX": 120.9842, "CoordinateY": 14.5995, "Population": 1780148, "CoastalCity": true, "Difficulty": "Medium"},
  {"Name": "Ho Chi Minh City", "Continent": "Asia", "Country": "Vietnam", "CoordinateX": 106.6297, "CoordinateY": 10.8231, "Population": 8993082, "CoastalCity": false, "Difficulty": "Medium"},
  {"Name": "Kathmandu", "Continent": "Asia", "Country": "Nepal", "CoordinateX": 85.3240, "CoordinateY": 27.7172, "Population": 1003285, "CoastalCity": false, "Difficulty": "Hard"},
  
  {"Name": "Montevideo", "Continent": "America", "Country": "Uruguay", "CoordinateX": -56.1645, "CoordinateY": -34.9011, "Population": 1381000, "CoastalCity": true, "Difficulty": "Medium"},
  {"Name": "Havana", "Continent": "America", "Country": "Cuba", "CoordinateX": -82.3666, "CoordinateY": 23.1136, "Population": 2130081, "CoastalCity": true, "Difficulty": "Medium"},
  
  {"Name": "Hobart", "Continent": "Oceania", "Country": "Australia", "CoordinateX": 147.3272, "CoordinateY": -42.8821, "Population": 222356, "CoastalCity": true, "Difficulty": "Hard"},
  {"Name": "Nuku'alofa", "Continent": "Oceania", "Country": "Tonga", "CoordinateX": -175.2026, "CoordinateY": -21.1393, "Population": 22400, "CoastalCity": true, "Difficulty": "Doom"},

    {"Name": "Alexandria", "Continent": "Africa", "Country": "Egypt", "CoordinateX": 29.9187, "CoordinateY": 31.2001, "Population": 5200000, "CoastalCity": true, "Difficulty": "Medium"},
    {"Name": "Luanda", "Continent": "Africa", "Country": "Angola", "CoordinateX": 13.2343, "CoordinateY": -8.8147, "Population": 2487000, "CoastalCity": true, "Difficulty": "Hard"},
    {"Name": "Dakar", "Continent": "Africa", "Country": "Senegal", "CoordinateX": -17.4440, "CoordinateY": 14.6937, "Population": 1146000, "CoastalCity": true, "Difficulty": "Medium"},
    {"Name": "Mogadishu", "Continent": "Africa", "Country": "Somalia", "CoordinateX": 45.3182, "CoordinateY": 2.0469, "Population": 2587000, "CoastalCity": true, "Difficulty": "Hard"},
    {"Name": "Harare", "Continent": "Africa", "Country": "Zimbabwe", "CoordinateX": 31.0534, "CoordinateY": -17.8292, "Population": 1485000, "CoastalCity": false, "Difficulty": "Hard"},
    
    {"Name": "St. Petersburg", "Continent": "Europe", "Country": "Russia", "CoordinateX": 30.3351, "CoordinateY": 59.9343, "Population": 5383000, "CoastalCity": true, "Difficulty": "Easy"},
    {"Name": "Milan", "Continent": "Europe", "Country": "Italy", "CoordinateX": 9.1900, "CoordinateY": 45.4642, "Population": 1366180, "CoastalCity": false, "Difficulty": "Easy"},
    {"Name": "Munich", "Continent": "Europe", "Country": "Germany", "CoordinateX": 11.5820, "CoordinateY": 48.1351, "Population": 1472000, "CoastalCity": false, "Difficulty": "Easy"},
    {"Name": "Sarajevo", "Continent": "Europe", "Country": "Bosnia and Herzegovina", "CoordinateX": 18.4131, "CoordinateY": 43.8563, "Population": 275524, "CoastalCity": false, "Difficulty": "Hard"},
    {"Name": "Reykjavik", "Continent": "Europe", "Country": "Iceland", "CoordinateX": -21.9426, "CoordinateY": 64.1466, "Population": 131136, "CoastalCity": true, "Difficulty": "Medium"},
    {"Name": "Tallinn", "Continent": "Europe", "Country": "Estonia", "CoordinateX": 24.7536, "CoordinateY": 59.4369, "Population": 437619, "CoastalCity": true, "Difficulty": "Medium"},
    
    {"Name": "Hanoi", "Continent": "Asia", "Country": "Vietnam", "CoordinateX": 105.8342, "CoordinateY": 21.0285, "Population": 8053663, "CoastalCity": false, "Difficulty": "Medium"},
    {"Name": "Taipei", "Continent": "Asia", "Country": "Taiwan", "CoordinateX": 121.5654, "CoordinateY": 25.0330, "Population": 2646204, "CoastalCity": false, "Difficulty": "Medium"},
    {"Name": "Almaty", "Continent": "Asia", "Country": "Kazakhstan", "CoordinateX": 76.9286, "CoordinateY": 43.2220, "Population": 1977011, "CoastalCity": false, "Difficulty": "Hard"},
    {"Name": "Lahore", "Continent": "Asia", "Country": "Pakistan", "CoordinateX": 74.3436, "CoordinateY": 31.5497, "Population": 11126285, "CoastalCity": false, "Difficulty": "Medium"},
    {"Name": "Ulaanbaatar", "Continent": "Asia", "Country": "Mongolia", "CoordinateX": 106.9057, "CoordinateY": 47.8864, "Population": 1444669, "CoastalCity": false, "Difficulty": "Hard"},
    {"Name": "Tehran", "Continent": "Asia", "Country": "Iran", "CoordinateX": 51.3890, "CoordinateY": 35.6892, "Population": 8693706, "CoastalCity": false, "Difficulty": "Medium"},
    {"Name": "Baghdad", "Continent": "Asia", "Country": "Iraq", "CoordinateX": 44.3661, "CoordinateY": 33.3152, "Population": 7144260, "CoastalCity": false, "Difficulty": "Medium"},
    {"Name": "Tashkent", "Continent": "Asia", "Country": "Uzbekistan", "CoordinateX": 69.2401, "CoordinateY": 41.2995, "Population": 2485900, "CoastalCity": false, "Difficulty": "Hard"},
    {"Name": "Astana", "Continent": "Asia", "Country": "Kazakhstan", "CoordinateX": 71.4704, "CoordinateY": 51.1605, "Population": 1143657, "CoastalCity": false, "Difficulty": "Hard"},
    
    {"Name": "Seattle", "Continent": "America", "Country": "United States", "CoordinateX": -122.3321, "CoordinateY": 47.6062, "Population": 737015, "CoastalCity": true, "Difficulty": "Easy"},
    {"Name": "Denver", "Continent": "America", "Country": "United States", "CoordinateX": -104.9903, "CoordinateY": 39.7392, "Population": 705576, "CoastalCity": false, "Difficulty": "Medium"},
    {"Name": "Brasília", "Continent": "America", "Country": "Brazil", "CoordinateX": -47.9292, "CoordinateY": -15.7801, "Population": 3055149, "CoastalCity": false, "Difficulty": "Medium"},
    {"Name": "Salvador", "Continent": "America", "Country": "Brazil", "CoordinateX": -38.5108, "CoordinateY": -12.9714, "Population": 2886698, "CoastalCity": true, "Difficulty": "Medium"},
    {"Name": "Managua", "Continent": "America", "Country": "Nicaragua", "CoordinateX": -86.2504, "CoordinateY": 12.1328, "Population": 1052000, "CoastalCity": false, "Difficulty": "Hard"},
    {"Name": "San José", "Continent": "America", "Country": "Costa Rica", "CoordinateX": -84.0788, "CoordinateY": 9.9281, "Population": 333288, "CoastalCity": false, "Difficulty": "Medium"},
    {"Name": "Kingston", "Continent": "America", "Country": "Jamaica", "CoordinateX": -76.7909, "CoordinateY": 17.9712, "Population": 662400, "CoastalCity": true, "Difficulty": "Medium"},
    {"Name": "Santo Domingo", "Continent": "America", "Country": "Dominican Republic", "CoordinateX": -69.9312, "CoordinateY": 18.4861, "Population": 2908607, "CoastalCity": true, "Difficulty": "Medium"},
    
    {"Name": "Canberra", "Continent": "Oceania", "Country": "Australia", "CoordinateX": 149.1300, "CoordinateY": -35.2809, "Population": 431380, "CoastalCity": false, "Difficulty": "Medium"},
    {"Name": "Port Vila", "Continent": "Oceania", "Country": "Vanuatu", "CoordinateX": 168.3273, "CoordinateY": -17.7404, "Population": 51437, "CoastalCity": true, "Difficulty": "Doom"},
    {"Name": "Apia", "Continent": "Oceania", "Country": "Samoa", "CoordinateX": -171.7513, "CoordinateY": -13.8506, "Population": 40407, "CoastalCity": true, "Difficulty": "Doom"},
    {"Name": "Honiara", "Continent": "Oceania", "Country": "Solomon Islands", "CoordinateX": 159.9498, "CoordinateY": -9.4438, "Population": 84520, "CoastalCity": true, "Difficulty": "Doom"},
    
      {"Name": "Quito", "Continent": "America", "Country": "Ecuador", "CoordinateX": -78.4678, "CoordinateY": -0.1807, "Population": 1763275, "CoastalCity": false, "Difficulty": "Medium"},
      {"Name": "Nouméa", "Continent": "Oceania", "Country": "New Caledonia", "CoordinateX": 166.4572, "CoordinateY": -22.2558, "Population": 99496, "CoastalCity": true, "Difficulty": "Doom"},
      {"Name": "Belmopan", "Continent": "America", "Country": "Belize", "CoordinateX": -88.7669, "CoordinateY": 17.2500, "Population": 13381, "CoastalCity": false, "Difficulty": "Doom"},
      {"Name": "Roseau", "Continent": "America", "Country": "Dominica", "CoordinateX": -61.3881, "CoordinateY": 15.3010, "Population": 14725, "CoastalCity": true, "Difficulty": "Doom"},
      {"Name": "Basseterre", "Continent": "America", "Country": "Saint Kitts and Nevis", "CoordinateX": -62.7240, "CoordinateY": 17.2948, "Population": 13220, "CoastalCity": true, "Difficulty": "Doom"},
      {"Name": "Kingstown", "Continent": "America", "Country": "Saint Vincent and the Grenadines", "CoordinateX": -61.2272, "CoordinateY": 13.1553, "Population": 16414, "CoastalCity": true, "Difficulty": "Doom"},
      {"Name": "Castries", "Continent": "America", "Country": "Saint Lucia", "CoordinateX": -60.9897, "CoordinateY": 14.0101, "Population": 20000, "CoastalCity": true, "Difficulty": "Doom"},
      {"Name": "Kyoto", "Continent": "Asia", "Country": "Japan", "CoordinateX": 135.7681, "CoordinateY": 35.0116, "Population": 1475183, "CoastalCity": false, "Difficulty": "Medium"},
  {"Name": "Bangalore", "Continent": "Asia", "Country": "India", "CoordinateX": 77.5946, "CoordinateY": 12.9716, "Population": 12327000, "CoastalCity": false, "Difficulty": "Medium"},
  {"Name": "Venice", "Continent": "Europe", "Country": "Italy", "CoordinateX": 12.3155, "CoordinateY": 45.4408, "Population": 261905, "CoastalCity": true, "Difficulty": "Easy"},
  {"Name": "Las Vegas", "Continent": "America", "Country": "United States", "CoordinateX": -115.1398, "CoordinateY": 36.1699, "Population": 656274, "CoastalCity": false, "Difficulty": "Easy"},
  {"Name": "Jerusalem", "Continent": "Asia", "Country": "Palestine", "CoordinateX": 35.2137, "CoordinateY": 31.7683, "Population": 957224, "CoastalCity": false, "Difficulty": "Medium"}
    
  ]

  
